product,count,proportion
Credit reporting or other personal consumer reports,50092,0.5129486457426655
Debt collection,12803,0.13110439813629615
Credit card,10188,0.10432645537862885
Checking or savings account,9599,0.09829501817623265
Mortgage,3877,0.03970098817264861
"Money transfer, virtual currency, or money service",3085,0.03159080436229584
Student loan,2456,0.025149761916952538
Vehicle loan or lease,2328,0.023839025139521786
"Payday loan, title loan, personal loan, or advance loan",1594,0.016322768931442324
Prepaid card,1182,0.012103834929087093
Debt or credit management,451,0.004618299114228662
