product,train_n,val_n,test_n,train_prop,val_prop,test_prop,full_prop,max_abs_dev_pp
Credit reporting or other personal consumer reports,35064,7513,7515,0.5129540500607107,0.512867772544201,0.5130043006348556,0.5129486457426655,0.008087319846450391
Debt collection,8963,1920,1920,0.13112044121304328,0.1310669670284661,0.1310669670284661,0.13110439813629615,0.0037431107830054877
Credit card,7132,1529,1527,0.1043345963105461,0.1043757253054816,0.10423919721482695,0.10432645537862885,0.008725816380189544
Checking or savings account,6719,1440,1440,0.09829278640080752,0.09830022527134959,0.09830022527134959,0.09829501817623265,0.000520709511693529
Mortgage,2714,581,582,0.03970332226399637,0.039661410335176464,0.03972967438050379,0.03970098817264861,0.003957783747214616
"Money transfer, virtual currency, or money service",2160,462,463,0.03159881211872961,0.03153798894122466,0.03160625298655198,0.03159080436229584,0.005281542107118259
Student loan,1719,368,369,0.025147387977822316,0.025121168680456003,0.02518943272578333,0.025149761916952538,0.00396708088307926
Vehicle loan or lease,1627,350,351,0.023801512646839388,0.023892415864564136,0.02396067990989146,0.023839025139521786,0.012165477036967312
"Payday loan, title loan, personal loan, or advance loan",1116,240,238,0.016326052928010298,0.016383370878558262,0.01624684278790361,0.016322768931442324,0.007592614353871263
Prepaid card,828,177,177,0.01211287797884635,0.012082736022936719,0.012082736022936719,0.012103834929087093,0.002109890615037413
Debt or credit management,315,69,67,0.004608160100648068,0.004710219127585501,0.0045736910369308485,0.004618299114228662,0.009192001335683875
