group_id,n_rows,n_distinct_texts,min_similarity,companies,dates,state_zip,products,text_a,text_b,verdict,why,verdict_note
9023050,8,7,0.101,"TRANSUNION INTERMEDIATE HOLDINGS, INC.; EQUIFAX, INC.; Experian Information Solutions Inc.",2024-05-17; 2024-06-03,NY 10458,Credit reporting or other personal consumer reports,"recently, i did an investigation on my credit report and found several items in there to be inaccurate. under 15 u.s. code 1681e ( b ) accuracy of report. whenever a consumer reporting agency prepares a consumer report, it shall follow reasonable pro",recently i looked at a copy of my credit report and noticed several inaccuracies in my account. this account is hurting my ability to obtain credit it is my understanding that you will investigate these items for me ensure accuracy here is the item a,same_template,lowest similarity,"Two credit-dispute templates (NY + PA, 2 dates) bridged by one letter that contains both; not unrelated complaints"
8670151,231,7,0.173,"EQUIFAX, INC.; Experian Information Solutions Inc.; TRANSUNION INTERMEDIATE HOLDINGS, INC.",2024-04-01; 2024-04-03; 2024-04-06,FL 33161,Credit reporting or other personal consumer reports,"i am sending this correspondence to address significant concerns regarding the accuracy of my credit report your failure to positively verify these accounts has hurt my ability to obtain credit. under the fcra, unverifiable accounts must be removed a","i am sending this correspondence to address significant concerns regarding the accuracy of my credit report your failure to positively verify these accounts has hurt my ability to obtain credit. under the fcra, unverifiable accounts must be removed a",same_template,lowest similarity,"One 'address significant concerns' FCRA template, 231 rows, 3 bureaus, many states"
8890501,37,8,0.198,"TRANSUNION INTERMEDIATE HOLDINGS, INC.; Experian Information Solutions Inc.; EQUIFAX, INC.",2024-04-30; 2024-05-01; 2024-05-02,IN 46241,Credit reporting or other personal consumer reports,i'm a victim of identity theft. my information has been exposed in the data breach. the following inquiries are not affiliated with me nor are they authorized by me and i would like them to remove from any affiliation with me immediately.,i'm a victim of identity theft. my information has been exposed in the data breach. the following inquiries are not affiliated with me nor are they authorized by me and i would like them to remove from any affiliation with me immediately. / /,same_template,lowest similarity,Identity-theft/data-breach template; variants differ only in appended balances
9025130,815,162,0.232,"EMCC Holdings, LLC; TRANSUNION INTERMEDIATE HOLDINGS, INC.; SYNCHRONY FINANCIAL",2024-05-16; 2024-05-17; 2024-05-21,FL 342XX,Credit reporting or other personal consumer reports,""" the fair credit reporting act ( 15 u.s. code 1681 ) says ( 1 ) the banking system is dependent upon fair and accurate credit reporting. inaccurate credit reports directly impair the efficiency of the banking system, and unfair credit reporting meth",""" the fair credit reporting act ( 15 u.s. code 1681 ) says ( 1 ) the banking system is dependent upon fair and accurate credit reporting. inaccurate credit reports directly impair the efficiency of the banking system, and unfair credit reporting meth",same_template,lowest similarity,"FCRA 15 USC 1681 template, 815 rows, mostly the 3 bureaus"
8764019,37,17,0.254,"TRANSUNION INTERMEDIATE HOLDINGS, INC.; Experian Information Solutions Inc.; EQUIFAX, INC.",2024-04-13; 2024-04-16; 2024-04-17,CA 92240,Credit reporting or other personal consumer reports,i'm a victim of identity theft. my information has been exposed in the data breach. the following inquiries and addresses are not affiliated with me nor are they authorized by me and i would like them to remove from any affiliation with me immediatel,i'm a victim of identity theft. my information has been exposed in the data breach. the following inquiries and addresses are not affiliated with me nor are they authorized by me and i would like them to remove from any affiliation with me immediatel,same_template,lowest similarity,Identity-theft template (inquiries and addresses variant)
8669305,126,28,0.258,"Experian Information Solutions Inc.; EQUIFAX, INC.; TRANSUNION INTERMEDIATE HOLDINGS, INC.",2024-04-02; 2024-04-04; 2024-04-08,NC 28262,Credit reporting or other personal consumer reports,i discovered that some of the information on my credit report was incorrect when i reviewed it. sections 609 ( a ) ( 1 ) ( a ) and 611 ( a ) ( 1 ) require the 3 credit bureaus to validate these accounts ( a ). it is not permissible to fail to validat,i discovered that some of the information on my credit report was incorrect when i reviewed it. sections 609 ( a ) ( 1 ) ( a ) and 611 ( a ) ( 1 ) require the 3 credit bureaus to validate these accounts ( a ). it is not permissible to fail to validat,same_template,lowest similarity,Sections 609/611 validation template
8727826,9,7,0.264,"Experian Information Solutions Inc.; TRANSUNION INTERMEDIATE HOLDINGS, INC.; CAPITAL ONE FINANCIAL CORPORATION",2024-04-10; 2024-04-15,GA 30213,Credit reporting or other personal consumer reports,"according to the fair credit reporting act 15 usc 1681 section 602 a states "" there is a need to insure that consumer reporting agencies exercise their grave responsibilities with fairness, impartiality, and a respect for the consumers right to priva","according to the fair credit reporting act 15 usc 1681 section 602 a states "" there is a need to insure that consumer reporting agencies exercise their grave responsibilities with fairness, impartiality, and a respect for the consumers right to priva",same_consumer,lowest similarity,"Same GA ZIP, 2 dates; two versions of one long privacy letter"
8750194,17,14,0.288,"EQUIFAX, INC.; Experian Information Solutions Inc.; TRANSUNION INTERMEDIATE HOLDINGS, INC.",2024-04-12,NY 11727,Credit reporting or other personal consumer reports; Credit card,my name is i have disputed this account multiple times it has been more tha 90 days and the account was not removed even tho i claimed identity theft with ftc and iam federally protected consumer all companies involved are now in violation of the fai,my name is i have disputed this account multiple times it has been more tha 90 days and the account was not removed even tho i claimed identity theft with ftc and iam federally protected consumer all companies involved are now in violation of the fai,same_consumer,lowest similarity,Same NY ZIP and date; one long letter with different statute excerpts; 1 of 17 rows labelled Credit card
8785874,71,8,0.29,"Ability Recovery Services, LLC; Tower Loan of Mississippi, Inc.; Portfolio Recovery Associates, LLC",2024-04-17; 2024-04-21; 2024-05-31,AL 361XX,"Debt collection; Payday loan, title loan, personal loan, or advance loan; Credit card; Credit reporting or other personal consumer reports","this debt collector engaged in abusive, deceptive, and unfair practices of the fdcpa which it prohibits. they furnished this account that we didn't agree upon and i didn't sign an agreement on. a legal contract is signed by parties and i did not part","this debt collector engaged in abusive, deceptive, and unfair practices of the fdcpa which it prohibits. they furnished this account that we didn't agree upon and i didn't sign an agreement on. a legal contract is signed by two parties and i did not ",same_template,lowest similarity,"FDCPA debt-collector template across AL/PA/TX; mixed labels (53 credit reporting, 16 debt collection, 2 other) = label noise"
8975433,4,3,0.297,"Experian Information Solutions Inc.; LEXISNEXIS; TRANSUNION INTERMEDIATE HOLDINGS, INC.",2024-05-10,VA 23803,Credit reporting or other personal consumer reports,i reached out the courts about the bankruptcies reporting on my credit file.i was told by the courts they do not provide this information to the credit bureaus .i would like this information deleted from my credit reports asap the case numbers are be,i reached out the courts about the bankruptcies reporting on my credit file.i was told by the courts they do not provide this information to the credit bureaus .i would like this information deleted from my credit reports asap the case numbers are be,same_consumer,lowest similarity,Same VA ZIP and date; bankruptcy letter to 3 bureaus + LexisNexis
8739171,3,3,0.706,"EQUIFAX, INC.; TRANSUNION INTERMEDIATE HOLDINGS, INC.; Experian Information Solutions Inc.",2024-04-10,AZ 85234,Credit reporting or other personal consumer reports,"i am writing to get help updating my personal information with , , and equifax i have been trying for to get my address, birth date, and correct spelling of my name my only employer with , , and equifax and they will not update my information i have ","i am writing to get help updating my personal information with , transunion, and i have been trying for to get my address, birth date, and correct spelling of my name my only employer with , transunion, and and they will not update my information i h",same_consumer,random,"Same AZ ZIP and date; personal-info update letter, bureau names swapped"
9412192,3,2,0.975,"TRANSUNION INTERMEDIATE HOLDINGS, INC.; EQUIFAX, INC.; Experian Information Solutions Inc.",2024-07-03,PR 00659,Credit reporting or other personal consumer reports,this account was charge off on the following date since then the account was repeatedly been updated as charge off every month. this is an update in the payment history. a charge off account should not include an active payment history. this inaccura,this account was charge off on the following date / /year> since then the account was repeatedly been updated as charge off every month. this is an update in the payment history. a charge off account should not include an active payment history. this,same_consumer,random,Same PR ZIP and date; charge-off letter to 3 bureaus
8741944,3,3,0.94,"EQUIFAX, INC.; Experian Information Solutions Inc.; TRANSUNION INTERMEDIATE HOLDINGS, INC.",2024-04-10,GA 30906,Credit reporting or other personal consumer reports,my credit score was reported differently to creditors when applying for new credit by the major credit bureaus causing my denial in getting new credit. an egregious example of a long history of discrimination affects the data that the credit-scoring ,my credit score was reported differently to creditors when applying for new credit by the three major credit bureaus causing my denial in getting new credit. an egregious example of a long history of discrimination affects the data that the credit-sc,same_consumer,random,Same GA ZIP and date; credit-score letter to 3 bureaus
9283928,3,3,0.984,"EQUIFAX, INC.; TRANSUNION INTERMEDIATE HOLDINGS, INC.; Experian Information Solutions Inc.",2024-06-18,FL 33162,Credit reporting or other personal consumer reports,i have not given you written permission to put anything on my credit profile according to 15 usc 1681 b2. you have no permissible purpose by law to contact third parties with my private or personal information. your offenses amount to aggravated iden,i have not given you written permission to put anything on my credit profile according to 15 usc 1681 b2. you have no permissible purpose by law to contact third parties with my private or personal information. your offenses amount to aggravated iden,same_consumer,random,Same FL ZIP and date; permissible-purpose letter to 3 bureaus
9062447,3,2,0.966,"TRANSUNION INTERMEDIATE HOLDINGS, INC.; Experian Information Solutions Inc.; EQUIFAX, INC.",2024-05-21,PA 19133,Credit reporting or other personal consumer reports,"i am writing to follow up on my previous letter dated / /year>, regarding the accuracy and completeness of certain information reported about me. as per the fair credit reporting act ( fcra ) 611, i requested an investigation into several accounts li","i am writing to follow up on my previous letter dated , regarding the accuracy and completeness of certain information reported about me. as per the fair credit reporting act ( fcra ) 611, i requested an investigation into several accounts listed on ",same_consumer,random,Same PA ZIP and date; follow-up letter to 3 bureaus
9057009,3,3,0.967,"Mid-Atlantic Finance Co., Inc.; CREDIT ACCEPTANCE CORPORATION; Muskegon Car Credit, Inc.",2024-05-20,IL 60619,Credit reporting or other personal consumer reports,in accordance with the fair credit reporting act.the list of accounts has violated my federally protected consumer rights to privacy and confidentiality under 15 usc1681. account # account account account account # account # account account # account,in accordance with the fair credit reporting act.the list of accounts has violated my federally protected consumer rights to privacy and confidentiality under 15 usc1681. account # 15u.s.c 1681 section 602 a . states i have the right to privacy. 15 u,same_consumer,random,"Same IL ZIP and date; privacy letter to 3 auto lenders, account lists differ"
9327930,2,2,0.943,"EQUIFAX, INC.; TRANSUNION INTERMEDIATE HOLDINGS, INC.",2024-06-24,FL 32305,Credit reporting or other personal consumer reports,this notice is to inform you that you are unlawfully reporting an unauthorized inquiry on my consumer report. i have not given you permission to access my credit profile and you have no permissible purpose by law to contact third parties with my priv,this notice is to inform you that you are unlawfully reporting an unauthorized inquiry on my consumer report. i have not given you permission to access my credit profile and you have no permissible purpose by law to contact third parties with my priv,same_consumer,random,Same FL ZIP and date; unauthorized-inquiry letter to 2 bureaus
8746379,3,2,1.0,"TRANSUNION INTERMEDIATE HOLDINGS, INC.; Experian Information Solutions Inc.; EQUIFAX, INC.",2024-04-11,FL 339XX,Credit reporting or other personal consumer reports,"in reviewing the attached credit bureau report issued by your agency, i have discovered an mistake. the following items are reported inaccurately :","in reviewing the attached credit bureau report issued by your agency, i have discovered an mistake. the following items are reported inaccurately : #",same_consumer,random,Same FL ZIP and date; short dispute opener to 3 bureaus
8848017,2,2,0.981,"EQUIFAX, INC.; TRANSUNION INTERMEDIATE HOLDINGS, INC.",2024-04-24,nan XXXXX,Credit reporting or other personal consumer reports,"it appears that my credit file has been compromised. again, i was going through my records & noticed many items which do not belong to me. since im a stickler for research, i found that under section 605b of the fcra you are required by law to remove","it appears that my credit file has been compromised. again, i was going through my records & noticed many items which do not belong to me. since im a stickler for research, i found that under section 605b of the fcra you are required by law to remove",same_consumer,random,"Same date, state missing / ZIP masked; near-identical identity-theft letter to 2 bureaus"
9502058,2,2,0.849,"CITIBANK, N.A.; Experian Information Solutions Inc.",2024-07-13,FL XXXXX,Credit reporting or other personal consumer reports,"home depot uses citi for their store credit account. the bank/citi sent me a special deal on which i could charge up to {$6000.00} and if i repaid the account in full on 12 mos or less, i would pay no interest. i accepted the deal and bought flooring","uses for their store credit account. the bank/ sent me a special deal on which i could charge up to {$6000.00} and if i repaid the account in full on mos or less, i would pay no interest. i accepted the deal and bought flooring for my house. i repaid",same_consumer,random,Same FL date; Home Depot/Citi story sent to Citibank and Experian (names masked in one copy)
